name, age, e-mail, division, telephone, sex
정하윤, 68, i8816c1n@bhban.com, lf2, 010-7891-3378, female
윤민아, 32, wzo4zz2z@bhban.com, ud5, 010-8832-3888, male
최주아, 32, ghm3984x@bhban.com, km7, 010-8832-3888, male
조지우, 75, obbs6ph2@bhban.com, gwh, 010-9875-3398, female
정민호, 75, 25iahoie@bhban.com, f1o, 010-8756-4087, male
강지준, 56, c4poivpz@bhban.com, 62h, 010-8756-4087, male
이윤후, 53, fuzosky8@bhban.com, 73h, 010-8753-4187, male
정윤은, 53, fl5xxkrz@bhban.com, ufd, 010-8753-4187, female
장채서, 52, dslgqw7r@bhban.com, 8zv, 010-8752-4287, female
최민진, 52, a2a7v43b@bhban.com, zy1, 010-8752-4287, male